--
-- PostgreSQL database dump
--

-- Dumped from database version 13.3
-- Dumped by pg_dump version 13.3

SET statement_timeout = 0;
SET lock_timeout = 0;
SET idle_in_transaction_session_timeout = 0;
SET client_encoding = 'UTF8';
SET standard_conforming_strings = on;
SELECT pg_catalog.set_config('search_path', '', false);
SET check_function_bodies = false;
SET xmloption = content;
SET client_min_messages = warning;
SET row_security = off;

SET default_tablespace = '';

SET default_table_access_method = heap;

--
-- Name: _sqlite_sequence; Type: TABLE; Schema: public; Owner: hugofugeray
--

CREATE TABLE public._sqlite_sequence (
    name character varying(13) DEFAULT NULL::character varying,
    seq smallint
);


ALTER TABLE public._sqlite_sequence OWNER TO hugofugeray;

--
-- Name: championships; Type: TABLE; Schema: public; Owner: hugofugeray
--

CREATE TABLE public.championships (
    id smallint,
    name character varying(2) DEFAULT NULL::character varying,
    country character varying(6) DEFAULT NULL::character varying,
    start_year smallint,
    end_year smallint
);


ALTER TABLE public.championships OWNER TO hugofugeray;

--
-- Name: goals; Type: TABLE; Schema: public; Owner: hugofugeray
--

CREATE TABLE public.goals (
    id smallint,
    player_id smallint,
    match_id smallint,
    goal_type character varying(1) DEFAULT NULL::character varying
);


ALTER TABLE public.goals OWNER TO hugofugeray;

--
-- Name: matches; Type: TABLE; Schema: public; Owner: hugofugeray
--

CREATE TABLE public.matches (
    id smallint,
    date character varying(1) DEFAULT NULL::character varying,
    place character varying(13) DEFAULT NULL::character varying,
    rainfall numeric(3,1) DEFAULT NULL::numeric,
    temperature numeric(3,1) DEFAULT NULL::numeric
);


ALTER TABLE public.matches OWNER TO hugofugeray;

--
-- Name: matches_teams; Type: TABLE; Schema: public; Owner: hugofugeray
--

CREATE TABLE public.matches_teams (
    id smallint,
    match_id smallint,
    team_id smallint,
    home smallint,
    team_goal smallint,
    points smallint
);


ALTER TABLE public.matches_teams OWNER TO hugofugeray;

--
-- Name: players; Type: TABLE; Schema: public; Owner: hugofugeray
--

CREATE TABLE public.players (
    id smallint,
    first_name character varying(1) DEFAULT NULL::character varying,
    last_name character varying(19) DEFAULT NULL::character varying,
    team_id smallint,
    "position" character varying(4) DEFAULT NULL::character varying,
    birthday character varying(1) DEFAULT NULL::character varying,
    nationality character varying(3) DEFAULT NULL::character varying
);


ALTER TABLE public.players OWNER TO hugofugeray;

--
-- Name: teams; Type: TABLE; Schema: public; Owner: hugofugeray
--

CREATE TABLE public.teams (
    id smallint,
    championship_id smallint,
    name character varying(11) DEFAULT NULL::character varying,
    city character varying(13) DEFAULT NULL::character varying,
    coach_name character varying(20) DEFAULT NULL::character varying,
    rank smallint
);


ALTER TABLE public.teams OWNER TO hugofugeray;

--
-- Data for Name: _sqlite_sequence; Type: TABLE DATA; Schema: public; Owner: hugofugeray
--

COPY public._sqlite_sequence (name, seq) FROM stdin;
championships	1
teams	20
players	640
matches	380
goals	1049
matches_teams	760
\.


--
-- Data for Name: championships; Type: TABLE DATA; Schema: public; Owner: hugofugeray
--

COPY public.championships (id, name, country, start_year, end_year) FROM stdin;
1	L1	France	2020	2021
\.


--
-- Data for Name: goals; Type: TABLE DATA; Schema: public; Owner: hugofugeray
--

COPY public.goals (id, player_id, match_id, goal_type) FROM stdin;
1	12	2	
2	172	3	
3	534	3	
4	310	4	
5	308	4	
6	524	4	
7	529	4	
8	218	5	
9	215	5	
10	216	5	
11	614	5	
12	629	6	
13	439	6	
14	89	6	
15	460	6	
16	422	7	
17	422	7	
18	146	7	
19	355	8	
20	355	8	
21	241	8	
22	480	9	
23	581	10	
24	588	10	
25	241	11	
26	104	11	
27	241	11	
28	241	11	
29	630	11	
30	352	12	
31	544	12	
32	360	12	
33	421	13	
34	421	13	
35	172	14	
36	372	15	
37	382	15	
38	451	15	
39	581	16	
40	581	16	
41	631	17	
42	50	17	
43	308	18	
44	83	19	
45	92	19	
46	273	19	
47	251	19	
48	251	19	
49	153	20	
50	360	22	
51	335	22	
52	335	22	
53	401	22	
54	588	23	
55	578	23	
56	181	24	
57	447	25	
58	451	25	
59	554	25	
60	554	25	
61	533	25	
62	543	25	
63	215	26	
64	218	26	
65	146	26	
66	138	26	
67	153	26	
68	27	27	
69	77	28	
70	91	28	
71	316	29	
72	327	29	
73	378	29	
74	273	30	
75	153	32	
76	146	32	
77	63	32	
78	548	33	
79	542	33	
80	325	33	
81	496	34	
82	479	34	
83	477	34	
84	342	35	
85	359	35	
86	359	35	
87	353	35	
88	27	35	
89	77	36	
90	95	36	
91	93	36	
92	76	36	
93	212	36	
94	301	37	
95	301	37	
96	524	37	
97	607	38	
98	392	39	
99	389	39	
100	575	39	
101	566	39	
102	270	40	
103	181	40	
104	374	41	
105	187	41	
106	533	42	
107	554	42	
108	555	42	
109	632	43	
110	301	43	
111	113	45	
112	103	45	
113	359	45	
114	355	45	
115	451	46	
116	153	46	
117	325	47	
118	307	47	
119	325	47	
120	614	47	
121	622	47	
122	32	48	
123	12	48	
124	21	48	
125	95	48	
126	92	48	
127	218	49	
128	227	49	
129	494	50	
130	494	50	
131	473	51	
132	498	51	
133	498	51	
134	480	51	
135	482	51	
136	496	51	
137	12	51	
138	146	52	
139	156	52	
140	401	53	
141	416	53	
142	382	53	
143	442	54	
144	169	55	
145	176	55	
146	187	55	
147	83	56	
148	65	57	
149	63	57	
150	50	57	
151	301	58	
152	301	58	
153	301	58	
154	216	58	
155	633	59	
156	534	59	
157	503	59	
158	524	59	
159	231	60	
160	264	60	
161	122	61	
162	556	61	
163	496	62	
164	473	62	
165	496	62	
166	491	62	
167	515	63	
168	216	63	
169	218	63	
170	217	63	
171	273	64	
172	249	64	
173	634	64	
174	631	64	
175	623	65	
176	611	65	
177	242	65	
178	244	65	
179	244	65	
180	325	66	
181	362	66	
182	390	67	
183	378	67	
184	4	67	
185	83	67	
186	22	68	
187	300	68	
188	575	69	
189	412	69	
190	422	69	
191	424	69	
192	187	70	
193	172	70	
194	183	70	
195	179	70	
196	555	71	
197	16	71	
198	21	71	
199	250	72	
200	495	73	
201	495	73	
202	496	73	
203	496	73	
204	524	74	
205	524	74	
206	527	74	
207	524	74	
208	296	75	
209	570	75	
210	58	76	
211	65	76	
212	623	77	
213	635	77	
214	622	77	
215	421	78	
216	187	78	
217	241	79	
218	244	79	
219	231	79	
220	244	79	
221	325	79	
222	146	80	
223	385	80	
224	534	81	
225	533	81	
226	93	81	
227	483	82	
228	496	82	
229	491	82	
230	362	83	
231	423	84	
232	412	84	
233	410	84	
234	298	85	
235	253	87	
236	506	87	
237	622	87	
238	325	88	
239	329	88	
240	331	88	
241	331	88	
242	172	89	
243	169	89	
244	152	90	
245	632	91	
246	353	92	
247	359	92	
248	495	93	
249	479	93	
250	534	93	
251	78	94	
252	77	94	
253	91	94	
254	187	94	
255	187	94	
256	152	95	
257	507	95	
258	156	95	
259	156	95	
260	514	95	
261	524	95	
262	138	95	
263	524	95	
264	302	96	
265	122	96	
266	460	97	
267	24	97	
268	27	97	
269	27	97	
270	28	97	
271	17	97	
272	4	98	
273	378	98	
274	412	99	
275	310	99	
276	316	99	
277	242	100	
278	242	100	
279	220	100	
280	57	101	
281	331	102	
282	331	102	
283	317	102	
284	496	102	
285	496	102	
286	93	103	
287	74	103	
288	91	103	
289	95	103	
290	578	103	
291	390	104	
292	299	104	
293	339	105	
294	359	105	
295	359	105	
296	360	105	
297	635	105	
298	623	105	
299	622	105	
300	155	106	
301	442	107	
302	242	108	
303	179	109	
304	179	109	
305	181	109	
306	182	109	
307	252	110	
308	262	110	
309	262	110	
310	422	110	
311	415	110	
312	621	111	
313	555	111	
314	273	112	
315	264	112	
316	268	112	
317	378	112	
318	498	113	
319	495	113	
320	478	113	
321	49	113	
322	244	114	
323	236	114	
324	636	114	
325	155	115	
326	24	115	
327	27	115	
328	18	115	
329	363	116	
330	316	117	
331	329	117	
332	331	117	
333	91	118	
334	91	118	
335	422	119	
336	122	119	
337	105	119	
338	122	119	
339	590	120	
340	183	120	
341	268	121	
342	270	121	
343	155	122	
344	153	122	
345	362	123	
346	471	123	
347	495	123	
348	496	123	
349	182	124	
350	179	124	
351	330	124	
352	21	125	
353	18	125	
354	57	126	
355	616	127	
356	623	127	
357	622	127	
358	628	127	
359	296	130	
360	241	130	
361	244	130	
362	244	130	
363	273	132	
364	268	132	
365	325	132	
366	334	133	
367	146	133	
368	362	133	
369	339	133	
370	360	133	
371	637	134	
372	93	135	
373	95	135	
374	523	135	
375	610	136	
376	621	136	
377	279	136	
378	300	136	
379	392	137	
380	125	137	
381	205	138	
382	216	138	
383	218	138	
384	172	139	
385	165	139	
386	50	139	
387	242	140	
388	179	141	
389	186	141	
390	299	142	
391	289	142	
392	623	143	
393	622	143	
394	425	144	
395	420	144	
396	529	145	
397	524	145	
398	514	145	
399	374	145	
400	378	145	
401	241	146	
402	240	146	
403	220	146	
404	83	146	
405	496	147	
406	495	147	
407	541	148	
408	555	148	
409	261	148	
410	140	149	
411	152	149	
412	146	149	
413	62	150	
414	592	150	
415	584	150	
416	300	151	
417	296	151	
418	273	152	
419	255	152	
420	422	153	
421	241	153	
422	242	153	
423	244	153	
424	231	153	
425	89	154	
426	73	154	
427	360	154	
428	359	154	
429	331	155	
430	141	156	
431	11	156	
432	634	157	
433	52	157	
434	567	158	
435	592	158	
436	444	158	
437	442	158	
438	534	159	
439	543	159	
440	556	159	
441	545	161	
442	155	162	
443	156	162	
444	92	162	
445	62	163	
446	503	163	
447	524	163	
448	521	163	
449	403	164	
450	413	164	
451	217	164	
452	215	164	
453	444	165	
454	125	165	
455	122	165	
456	125	165	
457	360	166	
458	359	166	
459	186	166	
460	183	166	
461	187	166	
462	244	167	
463	242	167	
464	238	167	
465	478	168	
466	496	168	
467	482	168	
468	495	168	
469	24	169	
470	28	169	
471	265	169	
472	316	170	
473	331	170	
474	563	170	
475	588	170	
476	217	172	
477	194	172	
478	310	172	
479	319	172	
480	331	172	
481	316	172	
482	311	172	
483	95	174	
484	93	174	
485	622	175	
486	623	175	
487	635	175	
488	622	175	
489	627	175	
490	241	176	
491	134	176	
492	241	176	
493	156	176	
494	144	176	
495	187	177	
496	11	177	
497	11	177	
498	581	178	
499	495	178	
500	638	179	
501	264	179	
502	270	179	
503	353	179	
504	545	181	
505	543	181	
506	241	181	
507	225	181	
508	495	182	
509	494	182	
510	491	182	
511	187	183	
512	311	185	
513	331	185	
514	328	185	
515	623	186	
516	340	187	
517	382	187	
518	278	188	
519	422	188	
520	65	189	
521	65	189	
522	217	189	
523	524	190	
524	524	190	
525	514	190	
526	587	190	
527	356	191	
528	359	191	
529	331	191	
530	325	191	
531	325	191	
532	268	192	
533	450	192	
534	450	192	
535	476	193	
536	93	194	
537	543	194	
538	545	194	
539	382	195	
540	146	195	
541	62	196	
542	38	196	
543	50	196	
544	622	197	
545	172	198	
546	182	198	
547	523	198	
548	299	199	
549	206	200	
550	217	200	
551	194	200	
552	103	200	
553	122	200	
554	496	201	
555	498	201	
556	494	201	
557	496	201	
558	397	202	
559	311	203	
560	324	203	
561	328	203	
562	638	203	
563	62	204	
564	62	204	
565	21	204	
566	299	205	
567	296	205	
568	527	206	
569	102	207	
570	622	207	
571	182	208	
572	242	209	
573	229	209	
574	229	209	
575	242	209	
576	588	209	
577	442	210	
578	244	211	
579	227	211	
580	63	211	
581	356	212	
582	144	212	
583	146	212	
584	587	213	
585	204	214	
586	218	214	
587	217	214	
588	498	214	
589	498	214	
590	93	215	
591	91	215	
592	296	215	
593	292	215	
594	302	215	
595	297	215	
596	18	216	
597	20	216	
598	28	216	
599	442	216	
600	519	217	
601	179	218	
602	389	219	
603	311	219	
604	331	219	
605	260	220	
606	179	221	
607	186	221	
608	182	221	
609	556	222	
610	205	222	
611	292	223	
612	360	223	
613	621	225	
614	611	225	
615	92	225	
616	94	225	
617	238	226	
618	479	227	
619	491	227	
620	496	227	
621	325	228	
622	325	228	
623	412	228	
624	156	229	
625	138	229	
626	273	229	
627	272	229	
628	578	230	
629	390	230	
630	204	231	
631	241	232	
632	244	232	
633	241	232	
634	95	234	
635	83	234	
636	62	234	
637	448	235	
638	451	235	
639	450	235	
640	319	235	
641	319	235	
642	319	235	
643	331	235	
644	278	236	
645	7	237	
646	424	237	
647	422	237	
648	360	238	
649	360	238	
650	355	238	
651	363	238	
652	102	238	
653	125	238	
654	182	239	
655	182	239	
656	496	240	
657	494	240	
658	480	241	
659	495	241	
660	423	241	
661	523	242	
662	156	242	
663	238	243	
664	355	243	
665	356	243	
666	325	244	
667	325	244	
668	217	244	
669	217	244	
670	588	245	
671	592	245	
672	282	246	
673	621	246	
674	621	246	
675	22	247	
676	392	247	
677	382	247	
678	4	247	
679	442	248	
680	450	248	
681	73	251	
682	91	251	
683	238	251	
684	231	251	
685	241	251	
686	587	252	
687	529	252	
688	378	253	
689	264	253	
690	362	254	
691	362	254	
692	554	254	
693	145	255	
694	152	255	
695	105	255	
696	422	256	
697	284	256	
698	298	256	
699	439	258	
700	442	258	
701	195	259	
702	194	259	
703	165	259	
704	183	259	
705	163	259	
706	316	260	
707	311	260	
708	556	261	
709	422	261	
710	400	261	
711	63	262	
712	282	262	
713	297	262	
714	495	263	
715	496	263	
716	496	263	
717	488	263	
718	328	264	
719	331	264	
720	28	265	
721	22	265	
722	132	265	
723	155	265	
724	208	267	
725	208	267	
726	567	267	
727	460	268	
728	378	268	
729	165	269	
730	622	269	
731	272	270	
732	244	270	
733	231	271	
734	21	272	
735	567	273	
736	588	273	
737	156	273	
738	155	273	
739	639	273	
740	422	274	
741	420	274	
742	436	274	
743	93	275	
744	95	275	
745	91	275	
746	109	275	
747	182	276	
748	182	276	
749	491	277	
750	605	278	
751	362	279	
752	215	279	
753	392	280	
754	508	280	
755	503	280	
756	514	281	
757	242	281	
758	590	282	
759	272	283	
760	273	283	
761	260	283	
762	72	283	
763	460	284	
764	359	284	
765	132	285	
766	142	285	
767	297	285	
768	282	285	
769	543	286	
770	218	287	
771	424	287	
772	125	288	
773	62	288	
774	62	288	
775	59	288	
776	480	290	
777	390	290	
778	392	290	
779	328	291	
780	324	291	
781	316	291	
782	326	291	
783	302	292	
784	552	292	
785	556	292	
786	554	292	
787	416	293	
788	422	293	
789	420	293	
790	612	294	
791	136	294	
792	145	294	
793	354	295	
794	360	295	
795	362	295	
796	62	295	
797	524	297	
798	390	298	
799	208	298	
800	178	299	
801	460	299	
802	442	299	
803	243	300	
804	240	300	
805	496	300	
806	488	300	
807	479	300	
808	496	300	
809	317	301	
810	331	301	
811	325	301	
812	325	301	
813	182	302	
814	132	303	
815	238	303	
816	27	304	
817	362	304	
818	524	305	
819	508	305	
820	554	305	
821	554	305	
822	385	306	
823	421	306	
824	421	306	
825	38	307	
826	62	307	
827	606	307	
828	623	307	
829	622	307	
830	204	308	
831	590	309	
832	588	309	
833	250	310	
834	252	310	
835	187	311	
836	169	311	
837	626	312	
838	496	312	
839	491	312	
840	495	312	
841	487	312	
842	359	313	
843	360	313	
844	360	313	
845	272	313	
846	261	313	
847	256	313	
848	556	314	
849	146	315	
850	154	315	
851	155	315	
852	152	315	
853	217	315	
854	590	317	
855	590	317	
856	590	317	
857	586	317	
858	62	317	
859	73	318	
860	460	318	
861	328	319	
862	325	319	
863	325	319	
864	241	320	
865	238	320	
866	241	320	
867	181	321	
868	359	321	
869	552	322	
870	556	322	
871	554	322	
872	264	323	
873	254	323	
874	254	323	
875	217	323	
876	217	323	
877	496	324	
878	496	324	
879	494	324	
880	588	324	
881	581	324	
882	142	325	
883	146	325	
884	100	326	
885	110	326	
886	442	328	
887	616	328	
888	331	329	
889	329	329	
890	328	329	
891	374	330	
892	241	330	
893	241	330	
894	527	331	
895	264	331	
896	272	331	
897	264	331	
898	590	332	
899	92	332	
900	92	332	
901	281	333	
902	496	333	
903	496	333	
904	494	333	
905	410	334	
906	417	334	
907	420	334	
908	360	334	
909	153	335	
910	136	335	
911	451	335	
912	556	336	
913	556	336	
914	549	336	
915	538	336	
916	545	336	
917	110	336	
918	622	337	
919	369	337	
920	378	337	
921	218	338	
922	217	338	
923	217	338	
924	217	338	
925	54	338	
926	325	339	
927	243	340	
928	165	340	
929	187	340	
930	182	340	
931	187	340	
932	268	341	
933	607	341	
934	498	342	
935	477	342	
936	153	342	
937	187	343	
938	169	343	
939	64	344	
940	122	345	
941	298	345	
942	292	345	
943	100	345	
944	297	345	
945	279	345	
946	442	346	
947	460	346	
948	527	346	
949	526	346	
950	218	347	
951	210	347	
952	83	348	
953	392	348	
954	378	348	
955	382	348	
956	388	348	
957	359	349	
958	581	349	
959	563	349	
960	331	350	
961	325	350	
962	241	350	
963	229	350	
964	234	350	
965	187	351	
966	187	351	
967	182	351	
968	388	352	
969	382	352	
970	390	352	
971	231	353	
972	238	353	
973	236	353	
974	236	353	
975	212	353	
976	592	354	
977	622	355	
978	628	355	
979	360	355	
980	359	355	
981	360	355	
982	452	356	
983	442	356	
984	451	356	
985	423	357	
986	410	357	
987	402	357	
988	95	357	
989	95	357	
990	21	358	
991	29	358	
992	28	358	
993	322	359	
994	554	360	
995	498	360	
996	498	362	
997	496	362	
998	477	362	
999	495	362	
1000	325	363	
1001	319	363	
1002	310	363	
1003	460	364	
1004	460	364	
1005	238	364	
1006	241	364	
1007	238	364	
1008	231	364	
1009	243	364	
1010	272	365	
1011	272	365	
1012	272	365	
1013	24	365	
1014	11	365	
1015	62	366	
1016	640	366	
1017	55	366	
1018	622	368	
1019	622	368	
1020	218	369	
1021	195	369	
1022	294	369	
1023	388	370	
1024	390	370	
1025	378	370	
1026	390	370	
1027	21	371	
1028	182	371	
1029	187	371	
1030	83	372	
1031	496	372	
1032	244	374	
1033	244	374	
1034	421	374	
1035	402	374	
1036	408	374	
1037	296	375	
1038	272	375	
1039	554	376	
1040	543	376	
1041	390	377	
1042	360	377	
1043	359	377	
1044	116	378	
1045	529	379	
1046	49	379	
1047	45	379	
1048	623	380	
1049	206	380	
\.


--
-- Data for Name: matches; Type: TABLE DATA; Schema: public; Owner: hugofugeray
--

COPY public.matches (id, date, place, rainfall, temperature) FROM stdin;
1		Bordeaux	5.0	22.5
2		Dijon	19.0	22.0
3		Lille	1.0	19.0
4		Monaco	1.0	25.5
5		Lorient	1.0	17.0
6		Nîmes	0.0	26.5
7		Nice	1.0	25.5
8		Montpellier	0.0	23.5
9		Paris	1.0	27.0
10		Marseille	0.0	26.5
11		Lyon	20.0	21.5
12		Rennes	4.0	14.0
13		Strasbourg	1.0	16.5
14		Reims	2.0	15.0
15		Nantes	1.0	14.0
16		Saint-Étienne	2.0	14.5
17		Angers	1.0	13.5
18		Metz	1.0	17.0
19		Brest	1.0	14.5
20		Lens	1.0	19.0
21		Bordeaux	0.0	23.5
22		Montpellier	3.0	25.0
23		Saint-Étienne	0.0	19.5
24		Lille	0.0	20.0
25		Nîmes	0.0	27.0
26		Lorient	0.0	18.0
27		Angers	0.0	21.0
28		Dijon	0.0	22.0
29		Monaco	0.0	26.5
30		Paris	0.0	26.0
31		Lyon	0.0	25.5
32		Lens	1.0	20.0
33		Rennes	19.0	20.0
34		Nice	16.0	23.0
35		Montpellier	16.0	23.0
36		Brest	0.0	17.0
37		Metz	1.0	19.0
38		Strasbourg	0.0	19.5
39		Nantes	2.0	20.5
40		Marseille	13.0	24.0
41		Lille	8.0	10.5
42		Saint-Étienne	3.0	7.5
43		Marseille	0.0	14.5
44		Bordeaux	1.0	11.5
45		Dijon	47.0	8.0
46		Nîmes	1.0	12.0
47		Monaco	1.0	17.5
48		Angers	0.0	11.5
49		Lorient	0.0	12.5
50		Reims	21.0	13.0
51		Paris	31.0	13.5
52		Lens	22.0	13.5
53		Nice	22.0	15.5
54		Montpellier	2.0	16.0
55		Strasbourg	2.0	13.5
56		Brest	7.0	12.0
57		Bordeaux	13.0	13.5
58		Metz	18.0	11.0
59		Rennes	4.0	11.5
60		Lyon	5.0	12.5
61		Dijon	2.0	10.0
62		Nîmes	0.0	12.5
63		Reims	0.0	9.0
64		Marseille	0.0	15.0
65		Strasbourg	2.0	10.0
66		Monaco	1.0	16.0
67		Nantes	0.0	11.5
68		Angers	0.0	12.0
69		Saint-Étienne	0.0	6.5
70		Lille	2.0	11.5
71		Rennes	2.0	13.0
72		Lorient	18.0	15.5
73		Paris	1.0	14.5
74		Montpellier	0.0	15.5
75		Metz	11.0	11.5
76		Bordeaux	7.0	14.5
77		Brest	4.0	11.0
78		Nice	2.0	16.5
79		Lyon	0.0	14.5
80		Lens	0.0	8.0
81		Rennes	2.0	12.5
82		Nantes	0.0	14.0
83		Saint-Étienne	0.0	15.5
84		Angers	5.0	17.5
85		Nîmes	0.0	16.5
86		Dijon	5.0	13.5
87		Reims	2.0	14.5
88		Monaco	0.0	17.5
89		Lille	1.0	14.5
90		Marseille	6.0	12.5
91		Strasbourg	0.0	9.0
92		Bordeaux	4.0	17.0
93		Paris	0.0	13.5
94		Brest	1.0	15.0
95		Lens	0.0	13.0
96		Metz	1.0	11.5
97		Nîmes	33.0	17.0
98		Lorient	1.0	15.5
99		Nice	1.0	16.0
100		Lyon	4.0	13.5
101		Rennes	0.0	7.5
102		Monaco	3.0	14.5
103		Brest	1.0	10.5
104		Nantes	0.0	9.0
105		Montpellier	0.0	9.0
106		Dijon	0.0	3.5
107		Reims	0.0	6.5
108		Angers	0.0	8.0
109		Lille	4.0	10.5
110		Marseille	1.0	11.5
111		Strasbourg	0.0	5.5
112		Marseille	4.0	15.5
113		Paris	0.0	9.5
114		Lyon	0.0	5.0
115		Lens	0.0	5.5
116		Lorient	0.0	9.5
117		Monaco	0.0	14.5
118		Metz	0.0	1.0
119		Nice	0.0	14.0
120		Saint-Étienne	0.0	3.5
121		Nîmes	2.0	9.0
122		Rennes	6.0	4.0
123		Montpellier	0.0	8.0
124		Lille	0.0	3.5
125		Angers	2.0	4.0
126		Bordeaux	4.0	8.5
127		Nantes	4.0	6.5
128		Dijon	0.0	1.5
129		Reims	0.0	2.5
130		Metz	0.0	2.5
131		Saint-Étienne	12.0	5.5
132		Marseille	7.0	10.5
133		Lens	3.0	8.0
134		Nice	0.0	11.0
135		Brest	10.0	11.5
136		Strasbourg	3.0	7.0
137		Nantes	2.0	9.5
138		Lorient	13.0	12.0
139		Lille	1.0	5.5
140		Paris	1.0	6.0
141		Dijon	1.0	8.5
142		Montpellier	9.0	13.0
143		Angers	2.0	9.0
144		Nîmes	5.0	13.0
145		Reims	0.0	7.0
146		Lyon	24.0	9.5
147		Paris	0.0	8.5
148		Rennes	1.0	9.5
149		Monaco	1.0	13.0
150		Bordeaux	1.0	10.5
151		Metz	1.0	8.5
152		Marseille	1.0	14.0
153		Nice	4.0	12.5
154		Brest	5.0	10.0
155		Dijon	18.0	9.0
156		Nantes	1.0	10.0
157		Strasbourg	14.0	7.5
158		Saint-Étienne	15.0	8.5
159		Lorient	5.0	11.0
160		Lille	0.0	8.0
161		Rennes	21.0	13.0
162		Lens	35.0	11.0
163		Bordeaux	1.0	13.0
164		Nice	0.0	12.5
165		Nîmes	1.0	12.0
166		Montpellier	1.0	12.5
167		Lyon	0.0	11.0
168		Paris	18.0	12.5
169		Angers	6.0	12.5
170		Monaco	0.0	13.5
171		Nantes	0.0	0.5
172		Lorient	0.0	2.0
173		Metz	2.0	0.5
174		Brest	8.0	4.0
175		Strasbourg	6.0	1.5
176		Lyon	1.0	0.0
177		Lille	2.0	2.0
178		Saint-Étienne	1.0	-3.0
179		Marseille	0.0	4.5
180		Reims	1.0	1.0
181		Rennes	0.0	1.0
182		Paris	0.0	2.0
183		Nîmes	0.0	2.5
184		Dijon	0.0	-1.0
185		Monaco	1.0	6.0
186		Lens	1.0	2.5
187		Montpellier	0.0	4.5
188		Metz	1.0	-1.5
189		Bordeaux	0.0	2.5
190		Reims	0.0	0.5
191		Montpellier	0.0	10.0
192		Marseille	0.0	6.0
193		Angers	4.0	3.0
194		Brest	0.0	7.0
195		Nantes	0.0	6.0
196		Nice	1.0	8.5
197		Strasbourg	8.0	1.0
198		Lille	1.0	3.0
199		Lyon	5.0	3.0
200		Lorient	9.0	11.0
201		Paris	12.0	6.0
202		Lens	1.0	4.0
203		Monaco	7.0	10.0
204		Bordeaux	7.0	8.0
205		Metz	3.0	1.0
206		Reims	4.0	1.0
207		Dijon	1.0	1.5
208		Rennes	1.0	3.0
209		Saint-Étienne	1.0	1.5
210		Nîmes	0.0	13.5
211		Lyon	11.0	11.5
212		Montpellier	5.0	11.0
213		Nice	5.0	11.5
214		Lorient	10.0	9.0
215		Brest	10.0	9.0
216		Angers	10.0	9.5
217		Strasbourg	3.0	2.5
218		Lille	0.0	1.0
219		Nantes	5.0	9.5
220		Marseille	0.0	12.0
221		Bordeaux	3.0	13.0
222		Rennes	12.0	10.0
223		Metz	27.0	10.0
224		Reims	14.0	10.0
225		Strasbourg	11.0	10.0
226		Dijon	1.0	10.5
227		Paris	12.0	11.0
228		Monaco	0.0	12.0
229		Lens	21.0	9.0
230		Saint-Étienne	0.0	10.0
231		Lorient	0.0	7.0
232		Lyon	1.0	12.5
233		Lens	16.0	7.5
234		Brest	1.0	5.5
235		Nîmes	1.0	11.5
236		Saint-Étienne	25.0	7.0
237		Nice	10.0	12.5
238		Montpellier	1.0	11.0
239		Nantes	1.0	6.0
240		Marseille	4.0	11.5
241		Paris	0.0	-1.5
242		Reims	0.0	-2.5
243		Lyon	3.0	-3.5
244		Monaco	1.0	6.5
245		Rennes	1.0	1.0
246		Metz	0.0	-1.5
247		Angers	0.0	1.5
248		Dijon	0.0	-2.5
249		Lille	0.0	0.0
250		Bordeaux	0.0	8.0
251		Brest	3.0	10.0
252		Saint-Étienne	0.0	9.0
253		Nantes	0.0	14.0
254		Montpellier	0.0	11.5
255		Lens	0.0	11.0
256		Nice	0.0	11.5
257		Strasbourg	0.0	12.0
258		Nîmes	0.0	12.5
259		Lorient	2.0	11.0
260		Paris	0.0	12.0
261		Rennes	0.0	6.5
262		Bordeaux	0.0	9.5
263		Dijon	3.0	7.5
264		Monaco	0.0	14.0
265		Angers	0.0	6.5
266		Reims	0.0	7.0
267		Lorient	0.0	7.5
268		Nîmes	4.0	11.5
269		Lille	0.0	8.0
270		Marseille	4.0	13.0
271		Lyon	0.0	12.0
272		Metz	0.0	9.0
273		Saint-Étienne	0.0	9.0
274		Nice	0.0	12.0
275		Brest	5.0	10.5
276		Lille	1.0	11.0
277		Bordeaux	0.0	14.0
278		Strasbourg	0.0	10.0
279		Montpellier	0.0	11.0
280		Nantes	3.0	11.5
281		Reims	3.0	6.5
282		Angers	7.0	9.5
283		Marseille	0.0	11.5
284		Nîmes	0.0	10.5
285		Lens	2.0	6.5
286		Rennes	1.0	6.0
287		Lorient	1.0	7.5
288		Dijon	3.0	4.5
289		Monaco	1.0	12.5
290		Paris	2.0	7.5
291		Saint-Étienne	1.0	1.5
292		Metz	0.0	1.5
293		Nice	0.0	9.0
294		Strasbourg	1.0	3.5
295		Montpellier	0.0	8.0
296		Brest	1.0	9.0
297		Dijon	0.0	3.5
298		Nantes	1.0	6.5
299		Lille	1.0	8.5
300		Lyon	0.0	4.0
301		Monaco	7.0	14.0
302		Paris	0.0	8.5
303		Lens	0.0	7.5
304		Angers	0.0	8.0
305		Reims	0.0	6.5
306		Nantes	0.0	7.5
307		Bordeaux	0.0	11.5
308		Lorient	0.0	8.0
309		Nîmes	0.0	11.0
310		Marseille	1.0	14.5
311		Metz	1.0	7.5
312		Strasbourg	3.0	13.0
313		Montpellier	16.0	10.0
314		Rennes	3.0	5.5
315		Lens	16.0	2.0
316		Nice	30.0	10.5
317		Saint-Étienne	14.0	11.5
318		Brest	1.0	6.0
319		Monaco	29.0	11.5
320		Lyon	14.0	13.0
321		Lille	0.0	6.5
322		Angers	1.0	6.5
323		Marseille	0.0	11.0
324		Paris	0.0	8.5
325		Brest	0.0	8.0
326		Dijon	2.0	7.5
327		Reims	1.0	8.0
328		Nîmes	0.0	11.5
329		Bordeaux	0.0	12.0
330		Nantes	0.0	8.5
331		Reims	0.0	9.0
332		Saint-Étienne	0.0	13.5
333		Metz	0.0	10.0
334		Nice	0.0	16.0
335		Lens	0.0	8.5
336		Rennes	0.0	12.0
337		Strasbourg	0.0	12.0
338		Lorient	0.0	13.5
339		Angers	0.0	13.0
340		Lyon	0.0	16.5
341		Marseille	4.0	16.0
342		Paris	0.0	11.0
343		Lille	0.0	9.0
344		Bordeaux	1.0	12.5
345		Dijon	5.0	8.5
346		Nîmes	1.0	13.5
347		Lorient	2.0	8.5
348		Brest	1.0	9.0
349		Montpellier	1.0	14.0
350		Monaco	5.0	15.0
351		Lens	1.0	9.0
352		Nantes	1.0	16.5
353		Lyon	0.0	15.0
354		Saint-Étienne	1.0	17.0
355		Strasbourg	0.0	18.0
356		Metz	1.0	16.5
357		Nice	0.0	16.5
358		Angers	3.0	17.5
359		Reims	2.0	17.5
360		Rennes	0.0	14.5
361		Lille	6.0	11.0
362		Paris	3.0	13.0
363		Monaco	0.0	16.0
364		Nîmes	1.0	16.5
365		Marseille	1.0	15.5
366		Bordeaux	8.0	14.0
367		Montpellier	3.0	16.5
368		Nice	0.0	16.5
369		Lorient	7.0	12.0
370		Dijon	7.0	11.5
371		Angers	1.0	11.5
372		Brest	11.0	10.5
373		Lens	2.0	10.5
374		Lyon	1.0	14.5
375		Metz	1.0	10.5
376		Rennes	2.0	10.0
377		Nantes	1.0	12.0
378		Saint-Étienne	0.0	12.0
379		Reims	1.0	10.5
380		Strasbourg	2.0	12.0
\.


--
-- Data for Name: matches_teams; Type: TABLE DATA; Schema: public; Owner: hugofugeray
--

COPY public.matches_teams (id, match_id, team_id, home, team_goal, points) FROM stdin;
1	1	2	1	0	1
2	1	13	0	0	1
3	2	4	1	0	0
4	2	1	0	1	3
5	3	6	1	1	1
6	3	18	0	1	1
7	4	11	1	2	1
8	4	17	0	2	1
9	5	7	1	3	3
10	5	20	0	1	0
11	6	15	1	4	3
12	6	3	0	0	0
13	7	14	1	2	3
14	7	5	0	1	0
15	8	12	1	2	3
16	8	8	0	1	0
17	9	16	1	1	3
18	9	10	0	0	0
19	10	9	1	0	0
20	10	19	0	2	3
21	11	8	1	4	3
22	11	4	0	1	0
23	12	18	1	2	3
24	12	12	0	1	0
25	13	20	1	0	0
26	13	14	0	2	3
27	14	17	1	0	0
28	14	6	0	1	3
29	15	13	1	2	3
30	15	15	0	1	0
31	16	19	1	2	3
32	16	7	0	0	0
33	17	1	1	0	0
34	17	2	0	2	3
35	18	10	1	0	0
36	18	11	0	1	3
37	19	3	1	2	0
38	19	9	0	3	3
39	20	5	1	1	3
40	20	16	0	0	0
41	21	2	1	0	1
42	21	8	0	0	1
43	22	12	1	3	3
44	22	14	0	1	0
45	23	19	1	2	3
46	23	20	0	0	0
47	24	6	1	1	3
48	24	10	0	0	0
49	25	15	1	2	0
50	25	18	0	4	3
51	26	7	1	2	0
52	26	5	0	3	3
53	27	1	1	1	3
54	27	17	0	0	0
55	28	4	1	0	0
56	28	3	0	2	3
57	29	11	1	2	3
58	29	13	0	1	0
59	30	16	1	0	0
60	30	9	0	1	3
61	31	8	1	0	1
62	31	15	0	0	1
63	32	5	1	2	3
64	32	2	0	1	0
65	33	18	1	2	3
66	33	11	0	1	0
67	34	14	1	0	0
68	34	16	0	3	3
69	35	12	1	4	3
70	35	1	0	1	0
71	36	3	1	3	3
72	36	7	0	2	0
73	37	10	1	2	3
74	37	17	0	1	0
75	38	20	1	1	3
76	38	4	0	0	0
77	39	13	1	2	1
78	39	19	0	2	1
79	40	9	1	1	1
80	40	6	0	1	1
81	41	6	1	2	3
82	41	13	0	0	0
83	42	19	1	0	0
84	42	18	0	3	3
85	43	9	1	1	1
86	43	10	0	1	1
87	44	2	1	0	1
88	44	14	0	0	1
89	45	4	1	2	1
90	45	12	0	2	1
91	46	15	1	1	1
92	46	5	0	1	1
93	47	11	1	3	3
94	47	20	0	2	0
95	48	1	1	3	3
96	48	3	0	2	0
97	49	7	1	1	1
98	49	8	0	1	1
99	50	17	1	0	0
100	50	16	0	2	3
101	51	16	1	6	3
102	51	1	0	1	0
103	52	5	1	2	3
104	52	19	0	0	0
105	53	14	1	2	3
106	53	13	0	1	0
107	54	12	1	0	0
108	54	15	0	1	3
109	55	20	1	0	0
110	55	6	0	3	3
111	56	3	1	1	3
112	56	11	0	0	0
113	57	2	1	3	3
114	57	4	0	0	0
115	58	10	1	3	3
116	58	7	0	1	0
117	59	18	1	2	1
118	59	17	0	2	1
119	60	8	1	1	1
120	60	9	0	1	1
121	61	4	1	1	1
122	61	18	0	1	1
123	62	15	1	0	0
124	62	16	0	4	3
125	63	17	1	1	0
126	63	7	0	3	3
127	64	9	1	3	3
128	64	2	0	1	0
129	65	20	1	2	0
130	65	8	0	3	3
131	66	11	1	1	1
132	66	12	0	1	1
133	67	13	1	3	3
134	67	3	0	1	0
135	68	1	1	1	1
136	68	10	0	1	1
137	69	19	1	1	0
138	69	14	0	3	3
139	70	6	1	4	3
140	70	5	0	0	0
141	71	18	1	1	0
142	71	1	0	2	3
143	72	7	1	0	0
144	72	9	0	1	3
145	73	16	1	4	3
146	73	4	0	0	0
147	74	12	1	0	0
148	74	17	0	4	3
149	75	10	1	2	3
150	75	19	0	0	0
151	76	2	1	2	3
152	76	15	0	0	0
153	77	3	1	0	0
154	77	20	0	3	3
155	78	14	1	1	1
156	78	6	0	1	1
157	79	8	1	4	3
158	79	11	0	1	0
159	80	5	1	1	1
160	80	13	0	1	1
161	81	18	1	2	3
162	81	3	0	1	0
163	82	13	1	0	0
164	82	16	0	3	3
165	83	19	1	0	0
166	83	12	0	1	3
167	84	1	1	0	0
168	84	14	0	3	3
169	85	15	1	0	0
170	85	10	0	1	3
171	86	4	1	0	1
172	86	7	0	0	1
173	87	17	1	2	3
174	87	20	0	1	0
175	88	11	1	4	3
176	88	2	0	0	0
177	89	6	1	1	1
178	89	8	0	1	1
179	90	9	1	0	0
180	90	5	0	1	3
181	91	20	1	0	0
182	91	9	0	1	3
183	92	2	1	0	0
184	92	12	0	2	3
185	93	16	1	3	3
186	93	18	0	0	0
187	94	3	1	3	3
188	94	6	0	2	0
189	95	5	1	4	1
190	95	17	0	4	1
191	96	10	1	1	1
192	96	4	0	1	1
193	97	15	1	1	0
194	97	1	0	5	3
195	98	7	1	0	0
196	98	13	0	2	3
197	99	14	1	1	0
198	99	11	0	2	3
199	100	8	1	2	3
200	100	19	0	1	0
201	101	18	1	0	0
202	101	2	0	1	3
203	102	11	1	3	3
204	102	16	0	2	0
205	103	3	1	4	3
206	103	19	0	1	0
207	104	13	1	1	1
208	104	10	0	1	1
209	105	12	1	4	3
210	105	20	0	3	0
211	106	4	1	0	0
212	106	5	0	1	3
213	107	17	1	0	0
214	107	15	0	1	3
215	108	1	1	0	0
216	108	8	0	1	3
217	109	6	1	4	3
218	109	7	0	0	0
219	110	9	1	3	3
220	110	14	0	2	0
221	111	20	1	1	1
222	111	18	0	1	1
223	112	9	1	3	3
224	112	13	0	1	0
225	113	16	1	2	1
226	113	2	0	2	1
227	114	8	1	3	3
228	114	17	0	0	0
229	115	5	1	1	0
230	115	1	0	3	3
231	116	7	1	0	0
232	116	12	0	1	3
233	117	11	1	3	3
234	117	15	0	0	0
235	118	10	1	0	0
236	118	3	0	2	3
237	119	14	1	1	0
238	119	4	0	3	3
239	120	19	1	1	1
240	120	6	0	1	1
241	121	15	1	0	0
242	121	9	0	2	3
243	122	18	1	0	0
244	122	5	0	2	3
245	123	12	1	1	0
246	123	16	0	3	3
247	124	6	1	2	3
248	124	11	0	1	0
249	125	1	1	2	3
250	125	7	0	0	0
251	126	2	1	1	3
252	126	3	0	0	0
253	127	13	1	0	0
254	127	20	0	4	3
255	128	4	1	0	1
256	128	19	0	0	1
257	129	17	1	0	1
258	129	14	0	0	1
259	130	10	1	1	0
260	130	8	0	3	3
261	131	19	1	0	1
262	131	1	0	0	1
263	132	9	1	2	3
264	132	11	0	1	0
265	133	5	1	2	0
266	133	12	0	3	3
267	134	14	1	0	0
268	134	18	0	1	3
269	135	3	1	2	3
270	135	17	0	1	0
271	136	20	1	2	1
272	136	10	0	2	1
273	137	13	1	1	1
274	137	4	0	1	1
275	138	7	1	3	3
276	138	15	0	0	0
277	139	6	1	2	3
278	139	2	0	1	0
279	140	16	1	0	0
280	140	8	0	1	3
281	141	4	1	0	0
282	141	6	0	2	3
283	142	12	1	0	0
284	142	10	0	2	3
285	143	1	1	0	0
286	143	20	0	2	3
287	144	15	1	0	0
288	144	14	0	2	3
289	145	17	1	3	3
290	145	13	0	2	0
291	146	8	1	2	1
292	146	3	0	2	1
293	147	16	1	2	3
294	147	7	0	0	0
295	148	18	1	2	3
296	148	9	0	1	0
297	149	11	1	0	0
298	149	5	0	3	3
299	150	2	1	1	0
300	150	19	0	2	3
301	151	10	1	2	3
302	151	5	0	0	0
303	152	9	1	1	1
304	152	17	0	1	1
305	153	14	1	1	0
306	153	8	0	4	3
307	154	3	1	2	1
308	154	12	0	2	1
309	155	4	1	0	0
310	155	11	0	1	3
311	156	13	1	1	1
312	156	1	0	1	1
313	157	20	1	0	0
314	157	2	0	2	3
315	158	19	1	2	1
316	158	15	0	2	1
317	159	7	1	0	0
318	159	18	0	3	3
319	160	6	1	0	1
320	160	16	0	0	1
321	161	18	1	1	3
322	161	10	0	0	0
323	162	5	1	2	3
324	162	3	0	1	0
325	163	2	1	1	0
326	163	17	0	3	3
327	164	14	1	2	1
328	164	7	0	2	1
329	165	15	1	1	0
330	165	4	0	3	3
331	166	12	1	2	0
332	166	6	0	3	3
333	167	8	1	3	3
334	167	13	0	0	0
335	168	16	1	4	3
336	168	20	0	0	0
337	169	1	1	2	3
338	169	9	0	1	0
339	170	11	1	2	1
340	170	19	0	2	1
341	171	13	1	0	1
342	171	18	0	0	1
343	172	7	1	2	0
344	172	11	0	5	3
345	173	10	1	0	1
346	173	2	0	0	1
347	174	3	1	2	3
348	174	14	0	0	0
349	175	20	1	5	3
350	175	15	0	0	0
351	176	8	1	3	3
352	176	5	0	2	0
353	177	6	1	1	0
354	177	1	0	2	3
355	178	19	1	1	1
356	178	16	0	1	1
357	179	9	1	3	3
358	179	12	0	1	0
359	180	17	1	0	1
360	180	4	0	0	1
361	181	18	1	2	1
362	181	8	0	2	1
363	182	16	1	3	3
364	182	3	0	0	0
365	183	15	1	0	0
366	183	6	0	1	3
367	184	4	1	0	1
368	184	9	0	0	1
369	185	11	1	3	3
370	185	1	0	0	0
371	186	5	1	0	0
372	186	20	0	1	3
373	187	12	1	1	1
374	187	13	0	1	1
375	188	10	1	1	1
376	188	14	0	1	1
377	189	2	1	2	3
378	189	7	0	1	0
379	190	17	1	3	3
380	190	19	0	1	0
381	191	12	1	2	0
382	191	11	0	3	3
383	192	9	1	1	0
384	192	15	0	2	3
385	193	1	1	0	0
386	193	16	0	1	3
387	194	3	1	1	0
388	194	18	0	2	3
389	195	13	1	1	1
390	195	5	0	1	1
391	196	14	1	0	0
392	196	2	0	3	3
393	197	20	1	1	3
394	197	19	0	0	0
395	198	6	1	2	3
396	198	17	0	1	0
397	199	8	1	0	0
398	199	10	0	1	3
399	200	7	1	3	3
400	200	4	0	2	0
401	201	16	1	4	3
402	201	12	0	0	0
403	202	5	1	0	0
404	202	14	0	1	3
405	203	11	1	3	3
406	203	9	0	1	0
407	204	2	1	2	3
408	204	1	0	1	0
409	205	10	1	2	3
410	205	13	0	0	0
411	206	17	1	1	3
412	206	3	0	0	0
413	207	4	1	1	1
414	207	20	0	1	1
415	208	18	1	0	0
416	208	6	0	1	3
417	209	19	1	0	0
418	209	8	0	5	3
419	210	15	1	1	3
420	210	7	0	0	0
421	211	8	1	2	3
422	211	2	0	1	0
423	212	12	1	1	0
424	212	5	0	2	3
425	213	14	1	0	0
426	213	19	0	1	3
427	214	7	1	3	3
428	214	16	0	2	0
429	215	3	1	2	0
430	215	10	0	4	3
431	216	1	1	3	3
432	216	15	0	1	0
433	217	20	1	0	0
434	217	17	0	1	3
435	218	6	1	1	3
436	218	4	0	0	0
437	219	13	1	1	0
438	219	11	0	2	3
439	220	9	1	1	3
440	220	18	0	0	0
441	221	2	1	0	0
442	221	6	0	3	3
443	222	18	1	1	1
444	222	7	0	1	1
445	223	10	1	1	1
446	223	12	0	1	1
447	224	17	1	0	1
448	224	1	0	0	1
449	225	20	1	2	1
450	225	3	0	2	1
451	226	4	1	0	0
452	226	8	0	1	3
453	227	16	1	3	3
454	227	15	0	0	0
455	228	11	1	2	3
456	228	14	0	1	0
457	229	5	1	2	1
458	229	9	0	2	1
459	230	19	1	1	1
460	230	13	0	1	1
461	231	7	1	1	3
462	231	17	0	0	0
463	232	8	1	3	3
464	232	20	0	0	0
465	233	5	1	0	1
466	233	18	0	0	1
467	234	3	1	2	3
468	234	2	0	1	0
469	235	15	1	3	0
470	235	11	0	4	3
471	236	19	1	1	3
472	236	10	0	0	0
473	237	14	1	3	3
474	237	1	0	0	0
475	238	12	1	4	3
476	238	4	0	2	0
477	239	13	1	0	0
478	239	6	0	2	3
479	240	9	1	0	0
480	240	16	0	2	3
481	241	16	1	2	3
482	241	14	0	1	0
483	242	17	1	1	1
484	242	5	0	1	1
485	243	8	1	1	0
486	243	12	0	2	3
487	244	11	1	2	1
488	244	7	0	2	1
489	245	18	1	0	0
490	245	19	0	2	3
491	246	10	1	1	0
492	246	20	0	2	3
493	247	1	1	1	0
494	247	13	0	3	3
495	248	4	1	0	0
496	248	15	0	2	3
497	249	6	1	0	1
498	249	3	0	0	1
499	250	2	1	0	1
500	250	9	0	0	1
501	251	3	1	2	0
502	251	8	0	3	3
503	252	19	1	1	1
504	252	17	0	1	1
505	253	13	1	1	1
506	253	9	0	1	1
507	254	12	1	2	3
508	254	18	0	1	0
509	255	5	1	2	3
510	255	4	0	1	0
511	256	14	1	1	0
512	256	10	0	2	3
513	257	20	1	0	1
514	257	1	0	0	1
515	258	15	1	2	3
516	258	2	0	0	0
517	259	7	1	1	0
518	259	6	0	4	3
519	260	16	1	0	0
520	260	11	0	2	3
521	261	18	1	1	0
522	261	14	0	2	3
523	262	2	1	1	0
524	262	10	0	2	3
525	263	4	1	0	0
526	263	16	0	4	3
527	264	11	1	2	3
528	264	3	0	0	0
529	265	1	1	2	1
530	265	5	0	2	1
531	266	17	1	0	1
532	266	12	0	0	1
533	267	7	1	2	3
534	267	19	0	1	0
535	268	15	1	1	1
536	268	13	0	1	1
537	269	6	1	1	1
538	269	20	0	1	1
539	270	9	1	1	1
540	270	8	0	1	1
541	271	8	1	1	3
542	271	18	0	0	0
543	272	10	1	0	0
544	272	1	0	1	3
545	273	19	1	2	0
546	273	5	0	3	3
547	274	14	1	2	3
548	274	15	0	1	0
549	275	3	1	3	3
550	275	4	0	1	0
551	276	6	1	2	3
552	276	9	0	0	0
553	277	2	1	0	0
554	277	16	0	1	3
555	278	20	1	1	3
556	278	11	0	0	0
557	279	12	1	1	1
558	279	7	0	1	1
559	280	13	1	1	0
560	280	17	0	2	3
561	281	17	1	1	1
562	281	8	0	1	1
563	282	1	1	0	0
564	282	19	0	1	3
565	283	9	1	3	3
566	283	3	0	1	0
567	284	15	1	1	1
568	284	12	0	1	1
569	285	5	1	2	1
570	285	10	0	2	1
571	286	18	1	1	3
572	286	20	0	0	0
573	287	7	1	1	1
574	287	14	0	1	1
575	288	4	1	1	0
576	288	2	0	3	3
577	289	11	1	0	1
578	289	6	0	0	1
579	290	16	1	1	0
580	290	13	0	2	3
581	291	19	1	0	0
582	291	11	0	4	3
583	292	10	1	1	0
584	292	18	0	3	3
585	293	14	1	3	3
586	293	9	0	0	0
587	294	20	1	1	0
588	294	5	0	2	3
589	295	12	1	3	3
590	295	2	0	1	0
591	296	3	1	0	1
592	296	1	0	0	1
593	297	4	1	0	0
594	297	17	0	1	3
595	298	13	1	1	1
596	298	7	0	1	1
597	299	6	1	1	0
598	299	15	0	2	3
599	300	8	1	2	0
600	300	16	0	4	3
601	301	11	1	4	3
602	301	10	0	0	0
603	302	16	1	0	0
604	302	6	0	1	3
605	303	5	1	1	1
606	303	8	0	1	1
607	304	1	1	1	1
608	304	12	0	1	1
609	305	17	1	2	1
610	305	18	0	2	1
611	306	13	1	1	0
612	306	14	0	2	3
613	307	2	1	2	0
614	307	20	0	3	3
615	308	7	1	1	3
616	308	3	0	0	0
617	309	15	1	0	0
618	309	19	0	2	3
619	310	9	1	2	3
620	310	4	0	0	0
621	311	10	1	0	0
622	311	6	0	2	3
623	312	20	1	1	0
624	312	16	0	4	3
625	313	12	1	3	1
626	313	9	0	3	1
627	314	18	1	1	3
628	314	13	0	0	0
629	315	5	1	4	3
630	315	7	0	1	0
631	316	14	1	0	1
632	316	17	0	0	1
633	317	19	1	4	3
634	317	2	0	1	0
635	318	3	1	1	1
636	318	15	0	1	1
637	319	11	1	3	3
638	319	4	0	0	0
639	320	8	1	3	3
640	320	1	0	0	0
641	321	6	1	1	1
642	321	12	0	1	1
643	322	1	1	0	0
644	322	18	0	3	3
645	323	9	1	3	3
646	323	7	0	2	0
647	324	16	1	3	3
648	324	19	0	2	0
649	325	3	1	1	1
650	325	5	0	1	1
651	326	4	1	2	3
652	326	14	0	0	0
653	327	17	1	0	1
654	327	10	0	0	1
655	328	15	1	1	1
656	328	20	0	1	1
657	329	2	1	0	0
658	329	11	0	3	3
659	330	13	1	1	0
660	330	8	0	2	3
661	331	17	1	1	0
662	331	9	0	3	3
663	332	19	1	1	0
664	332	3	0	2	3
665	333	10	1	1	0
666	333	16	0	3	3
667	334	14	1	3	3
668	334	12	0	1	0
669	335	5	1	2	3
670	335	15	0	1	0
671	336	18	1	5	3
672	336	4	0	1	0
673	337	20	1	1	0
674	337	13	0	2	3
675	338	7	1	4	3
676	338	2	0	1	0
677	339	1	1	0	0
678	339	11	0	1	3
679	340	8	1	2	0
680	340	6	0	3	3
681	341	9	1	1	1
682	341	20	0	1	1
683	342	16	1	2	3
684	342	5	0	1	0
685	343	6	1	2	3
686	343	14	0	0	0
687	344	2	1	1	3
688	344	18	0	0	0
689	345	4	1	1	0
690	345	10	0	5	3
691	346	15	1	2	1
692	346	17	0	2	1
693	347	7	1	2	3
694	347	1	0	0	0
695	348	3	1	1	0
696	348	13	0	4	3
697	349	12	1	1	0
698	349	19	0	2	3
699	350	11	1	2	0
700	350	8	0	3	3
701	351	5	1	0	0
702	351	6	0	3	3
703	352	13	1	3	3
704	352	2	0	0	0
705	353	8	1	4	3
706	353	7	0	1	0
707	354	19	1	1	3
708	354	9	0	0	0
709	355	20	1	2	0
710	355	12	0	3	3
711	356	10	1	0	0
712	356	15	0	3	3
713	357	14	1	3	3
714	357	3	0	2	0
715	358	1	1	3	3
716	358	4	0	0	0
717	359	17	1	0	0
718	359	11	0	1	3
719	360	18	1	1	1
720	360	16	0	1	1
721	361	6	1	0	1
722	361	19	0	0	1
723	362	16	1	4	3
724	362	17	0	0	0
725	363	11	1	2	3
726	363	18	0	1	0
727	364	15	1	2	0
728	364	8	0	5	3
729	365	9	1	3	3
730	365	1	0	2	0
731	366	2	1	3	3
732	366	5	0	0	0
733	367	12	1	0	1
734	367	3	0	0	1
735	368	14	1	0	0
736	368	20	0	2	3
737	369	7	1	2	3
738	369	10	0	1	0
739	370	4	1	0	0
740	370	13	0	4	3
741	371	1	1	1	0
742	371	6	0	2	3
743	372	3	1	0	0
744	372	16	0	2	3
745	373	5	1	0	1
746	373	11	0	0	1
747	374	8	1	2	0
748	374	14	0	3	3
749	375	10	1	1	1
750	375	9	0	1	1
751	376	18	1	2	3
752	376	15	0	0	0
753	377	13	1	1	0
754	377	12	0	2	3
755	378	19	1	0	0
756	378	4	0	1	3
757	379	17	1	1	0
758	379	2	0	2	3
759	380	20	1	1	1
760	380	7	0	1	1
\.


--
-- Data for Name: players; Type: TABLE DATA; Schema: public; Owner: hugofugeray
--

COPY public.players (id, first_name, last_name, team_id, "position", birthday, nationality) FROM stdin;
1		P. Bernardoni	1	Gar.		FRA
2		L. Butelle	1	Gar.		FRA
3		D. Petkovic	1	Gar.		MNE
4		A. Bamba	1	Déf.		CIV
5		K. Boma	1	Déf.		FRA
6		E. Diaw	1	Déf.		SEN
7		S. Doumbia	1	Déf.		CIV
8		E. Ebosse	1	Déf.		FRA
9		V. Manceau	1	Déf.		FRA
10		M. Pavlovic	1	Déf.		CRO
11		R. Thomas	1	Déf.		FRA
12		I. Traoré	1	Déf.		CIV
13		I. Amadou	1	Mil.		FRA
14		K. Bemanga	1	Mil.		FRA
15		A. Bobichon	1	Mil.		FRA
16		S. Boufal	1	Mil.		MAR
17		J. Cabot	1	Mil.		FRA
18		P. Capelle	1	Mil.		FRA
19		M. Cho	1	Mil.		FRA
20		L. Coulibaly	1	Mil.		MLI
21		A. Fulgini	1	Mil.		FRA
22		T. Mangani	1	Mil.		FRA
23		Z. Ould Khaled	1	Mil.		FRA
24		M. Pereira Lage	1	Mil.		POR
25		W. Taïbi	1	Mil.		FRA
26		R. Alioui	1	Att.		MAR
27		S. Bahoken	1	Att.		CAM
28		L. Diony	1	Att.		FRA
29		F. El-Melali	1	Att.		ALG
30		N. Fatar	1	Att.		FRA
31		Y. Fortuné	1	Att.		FRA
32		S. Thioub	1	Att.		SEN
33		B. Costil	2	Gar.		FRA
34		D. Lima Semedo	2	Gar.		FRA
35		C. Michel	2	Gar.		BEL
36		G. Poussin	2	Gar.		FRA
37		D. Rouyard	2	Gar.		FRA
38		P. Baysse	2	Déf.		FRA
39		L. Benito	2	Déf.		SUI
40		L. Bessilé	2	Déf.		FRA
41		M. Bokélé Mputu	2	Déf.		FRA
42		D. Cardoso	2	Déf.		MAO
43		V. Jovanovic	2	Déf.		SER
44		L. Koscielny	2	Déf.		FRA
45		E. Kwateng	2	Déf.		FRA
46		E. Mexer	2	Déf.		MOZ
47		M. Poundjé	2	Déf.		FRA
48		I. Sow	2	Déf.		FRA
49		Y. Adli	2	Mil.		FRA
50		T. Basic	2	Mil.		CRO
51		T. Lacoux	2	Mil.		FRA
52		Otavio	2	Mil.		BRE
53		J. Seri	2	Mil.		CIV
54		I. Sissokho	2	Mil.		MLI
55		M. Zerkane	2	Mil.		FRA
56		D. Bakwa	2	Att.		FRA
57		H. Ben Arfa	2	Att.		FRA
58		J. Briand	2	Att.		FRA
59		N. De Préville	2	Att.		FRA
60		L. Delaurier-Ch...	2	Att.		FRA
61		I. Diarra	2	Att.		FRA
62		U. Hwang	2	Att.		CDS
63		S. Kalu	2	Att.		NGA
64		S. Mara	2	Att.		FRA
65		R. Oudin	2	Att.		FRA
66		A. Traoré	2	Att.		FRA
67		S. Cibois	3	Gar.		FRA
68		M. Hassen	3	Gar.		TUN
69		G. Larsonneur	3	Gar.		FRA
70		L. Baal	3	Déf.		FRA
71		D. Bain	3	Déf.		FRA
72		L. Brassier	3	Déf.		FRA
73		B. Chardonnet	3	Déf.		FRA
74		J. Duverne	3	Déf.		FRA
75		J. Faussurier	3	Déf.		FRA
76		C. Hérelle	3	Déf.		FRA
77		R. Perraud	3	Déf.		FRA
78		R. Pierre-Gabriel	3	Déf.		FRA
79		H. Belkebla	3	Mil.		ALG
80		K. Benvindo	3	Mil.		FRA
81		I. Dioh	3	Mil.		FRA
82		B. Fadiga	3	Mil.		FRA
83		R. Faivre	3	Mil.		FRA
84		Jean Lucas	3	Mil.		BRE
85		P. Lasne	3	Mil.		FRA
86		H. Magnetti	3	Mil.		FRA
87		H. Mbock	3	Mil.		FRA
88		F. N'Goma	3	Mil.		FRA
89		R. Philippoteaux	3	Mil.		FRA
90		D. Bangoura	3	Att.		FRA
91		I. Cardona	3	Att.		FRA
92		G. Charbonnier	3	Att.		FRA
93		F. Honorat	3	Att.		FRA
94		J. Le Douaron	3	Att.		FRA
95		S. Mounié	3	Att.		BEN
96		S. Allagbé	4	Gar.		BEN
97		L. Ntumba	4	Gar.		FRA
98		A. Racioppi	4	Gar.		SUI
99		S. Boey	4	Déf.		FRA
100		F. Chafik	4	Déf.		MAR
101		A. Chala	4	Déf.		EQU
102		S. Coulibaly	4	Déf.		FRA
103		B. Ecuele Manga	4	Déf.		GAB
104		W. Lautoa	4	Déf.		FRA
105		G. Ngonda Muzinga	4	Déf.		RDC
106		A. Ngouyamsa	4	Déf.		CAM
107		J. Panzo	4	Déf.		ANG
108		A. Arli	4	Mil.		TUR
109		R. Assalé	4	Mil.		CIV
110		Y. Benzia	4	Mil.		ALG
111		B. Celina	4	Mil.		KOS
112		C. Costes	4	Mil.		FRA
113		E. Dina Ebimbe	4	Mil.		FRA
114		P. Diop	4	Mil.		SEN
115		M. Dobre	4	Mil.		ROU
116		A. Kamara	4	Mil.		FRA
117		J. Marié	4	Mil.		FRA
118		D. Ndong	4	Mil.		GAB
119		F. Sammaritano	4	Mil.		FRA
120		W. Younoussa	4	Mil.		CAM
121		A. Zagré	4	Mil.		FRA
122		M. Baldé	4	Att.		GUB
123		E. Belhadji	4	Att.		FRA
124		M. Chouiar	4	Att.		FRA
125		M. Konaté	4	Att.		SEN
126		J. Siwe	4	Att.		FRA
127		W. Farinez	5	Gar.		VEN
128		J. Leca	5	Gar.		FRA
129		Y. Pandor	5	Gar.		FRA
130		L. Badé	5	Déf.		FRA
131		I. Boura	5	Déf.		FRA
132		J. Clauss	5	Déf.		FRA
133		Z. Diallo	5	Déf.		FRA
134		S. Fortes	5	Déf.		CAV
135		J. Gradit	5	Déf.		FRA
136		M. Haïdara	5	Déf.		MLI
137		O. Kamara	5	Déf.		FRA
138		F. Medina	5	Déf.		ARG
139		C. Michelin	5	Déf.		FRA
140		I. Sylla	5	Déf.		GUI
141		C. Traoré	5	Déf.		MLI
142		Y. Cahuzac	5	Mil.		FRA
143		B. Camara	5	Mil.		FRA
144		C. Doucouré	5	Mil.		MLI
145		S. Fofana	5	Mil.		CIV
146		G. Kakuta	5	Mil.		RDC
147		A. Louveau	5	Mil.		FRA
148		T. Mauricio	5	Mil.		FRA
149		A. Oudjani	5	Mil.		FRA
150		D. Pereira Da...	5	Mil.		POR
151		J. Varane	5	Mil.		FRA
152		S. Banza	5	Att.		FRA
153		I. Ganago	5	Att.		CAM
154		C. Jean	5	Att.		FRA
155		A. Kalimuendo	5	Att.		FRA
156		F. Sotoca	5	Att.		FRA
157		A. Sow	5	Att.		SEN
158		L. Chevalier	6	Gar.		FRA
159		O. Karnezis	6	Gar.		GRE
160		M. Maignan	6	Gar.		FRA
161		S. Botman	6	Déf.		HOL
162		I. Bouleghcha	6	Déf.		FRA
163		D. Bradaric	6	Déf.		CRO
164		T. Djalo	6	Déf.		POR
165		J. Fonte	6	Déf.		POR
166		N. Innocenti	6	Déf.		FRA
167		R. Mandava	6	Déf.		MOZ
168		J. Pied	6	Déf.		FRA
169		M. Çelik	6	Déf.		TUR
170		B. André	6	Mil.		FRA
171		R. Ascone	6	Mil.		FRA
172		J. Bamba	6	Mil.		FRA
173		A. Camara	6	Mil.		GUI
174		M. Kapi	6	Mil.		TUR
175		E. Pizzuto	6	Mil.		MEX
176		R. Sanches	6	Mil.		POR
177		B. Soumaré	6	Mil.		FRA
178		Xeka	6	Mil.		POR
179		Y. Yazici	6	Mil.		TUR
180		A. Zekaj	6	Mil.		SER
181		L. Araujo	6	Att.		BRE
182		J. David	6	Att.		CAN
183		J. Ikoné	6	Att.		FRA
184		José Bica	6	Att.		POR
185		I. Lihadji	6	Att.		FRA
186		T. Weah	6	Att.		USA
187		B. Yilmaz	6	Att.		TUR
188		T. Bartouche	7	Gar.		FRA
189		T. Callens	7	Gar.		FRA
190		M. Dreyer	7	Gar.		FRA
191		P. Nardi	7	Gar.		FRA
192		Y. Etienne	7	Déf.		FRA
193		T. Fontaine	7	Déf.		MAD
194		A. Gravillon	7	Déf.		FRA
195		J. Hergault	7	Déf.		FRA
196		J. Homawoo	7	Déf.		FRA
197		T. Ilori	7	Déf.		POR
198		J. Laporte	7	Déf.		FRA
199		V. Le Goff	7	Déf.		FRA
200		H. Mendes	7	Déf.		FRA
201		J. Morel	7	Déf.		MAD
202		L. Mouyokolo	7	Déf.		FRA
203		M. Saunier	7	Déf.		FRA
204		L. Abergel	7	Mil.		FRA
205		Q. Boisgard	7	Mil.		FRA
206		T. Chalobah	7	Mil.		ANG
207		J. Delaplace	7	Mil.		FRA
208		A. Laurienté	7	Mil.		FRA
209		E. Le Fée	7	Mil.		FRA
210		F. Lemoine	7	Mil.		FRA
211		S. Marveaux	7	Mil.		FRA
212		T. Monconduit	7	Mil.		FRA
213		F. Wadja	7	Mil.		CAM
214		S. Diarra	7	Att.		FRA
215		A. Grbic	7	Att.		AUT
216		P. Hamel	7	Att.		FRA
217		T. Moffi	7	Att.		NGA
218		Y. Wissa	7	Att.		FRA
219		M. Barcola	8	Gar.		FRA
220		A. Lopes	8	Gar.		POR
221		J. Pollersbeck	8	Gar.		ALL
222		M. Bard	8	Déf.		FRA
223		D. Benlamri	8	Déf.		ALG
224		M. De Sciglio	8	Déf.		ITA
225		J. Denayer	8	Déf.		BEL
226		S. Diomandé	8	Déf.		CIV
227		L. Dubois	8	Déf.		FRA
228		M. Gusto	8	Déf.		FRA
229		Marcelo	8	Déf.		BRE
230		C. Özkaçar	8	Déf.		TUR
231		H. Aouar	8	Mil.		FRA
232		Camilo	8	Mil.		BRE
233		M. Caqueret	8	Mil.		FRA
234		R. Cherki	8	Mil.		FRA
235		F. Da Silva	8	Mil.		FRA
236		B. Guimaraes	8	Mil.		BRE
237		T. Mendes	8	Mil.		BRE
238		L. Paqueta	8	Mil.		BRE
239		Y. Soumaré	8	Mil.		FRA
240		M. Cornet	8	Att.		CIV
241		M. Depay	8	Att.		HOL
242		T. Kadewere	8	Att.		ZIM
243		I. Slimani	8	Att.		ALG
244		K. Toko Ekambi	8	Att.		CAM
245		S. Mandanda	9	Gar.		FRA
246		S. Ngapandouetnbu	9	Gar.		CAM
247		Y. Pelé	9	Gar.		FRA
248		F. Vanni	9	Gar.		FRA
249		J. Amavi	9	Déf.		FRA
250		L. Balerdi	9	Déf.		ARG
251		D. Caleta-Car	9	Déf.		CRO
252		A. Gonzalez	9	Déf.		ESP
253		B. Kamara	9	Déf.		FRA
254		P. Lirola	9	Déf.		ESP
255		Y. Nagatomo	9	Déf.		JAP
256		L. Perrin	9	Déf.		FRA
257		C. Rocchia	9	Déf.		FRA
258		H. Sakai	9	Déf.		JAP
259		U. Bertelli	9	Mil.		FRA
260		M. Cuisance	9	Mil.		FRA
261		P. Gueye	9	Mil.		FRA
262		S. Khaoui	9	Mil.		TUN
263		O. Ntcham	9	Mil.		FRA
264		D. Payet	9	Mil.		FRA
265		V. Rongier	9	Mil.		FRA
266		C. Souaré	9	Mil.		FRA
267		O. Targhalline	9	Mil.		MAR
268		D. Benedetto	9	Att.		ARG
269		A. Dieng	9	Att.		SEN
270		V. Germain	9	Att.		FRA
271		Luis Henrique	9	Att.		BRE
272		A. Milik	9	Att.		POL
273		F. Thauvin	9	Att.		FRA
274		O. Ba	10	Gar.		SEN
275		M. Caillard	10	Gar.		FRA
276		A. Oukidja	10	Gar.		ALG
277		E. Boahene	10	Déf.		GHA
278		J. Boye	10	Déf.		GHA
279		D. Bronn	10	Déf.		TUN
280		M. Cabit	10	Déf.		FRA
281		F. Centonze	10	Déf.		FRA
282		T. Delaine	10	Déf.		FRA
283		M. Fofana	10	Déf.		MLI
284		B. Kouyaté	10	Déf.		MLI
285		L. Lacroix	10	Déf.		FRA
286		M. Udol	10	Déf.		FRA
287		V. Angban	10	Mil.		CIV
288		Y. Maziz	10	Mil.		FRA
289		H. Maïga	10	Mil.		CIV
290		K. N'Doram	10	Mil.		FRA
291		V. Pajot	10	Mil.		FRA
292		P. Sarr	10	Mil.		SEN
293		W. Tchimbembé	10	Mil.		FRA
294		B. Traoré	10	Mil.		MLI
295		T. Ambrose	10	Att.		FRA
296		F. Boulaya	10	Att.		FRA
297		V. Dias Goncalves	10	Att.		CAV
298		M. Gueye	10	Att.		SEN
299		A. Leya Iseka	10	Att.		BEL
300		O. Nguette	10	Att.		SEN
301		I. Niane	10	Att.		SEN
302		P. Yade	10	Att.		SEN
303		B. Lecomte	11	Gar.		FRA
304		Y. Liénard	11	Gar.		FRA
305		R. Majecki	11	Gar.		POL
306		V. Mannone	11	Gar.		ITA
307		R. Aguilar	11	Déf.		FRA
308		B. Badiashile	11	Déf.		FRA
309		F. Ballo-Touré	11	Déf.		FRA
310		A. Disasi	11	Déf.		FRA
311		G. Maripan	11	Déf.		CHL
312		C. Matsima	11	Déf.		FRA
313		D. Sidibé	11	Déf.		FRA
314		Y. Aït-Bennasser	11	Mil.		MAR
315		Caio Henrique	11	Mil.		BRE
316		S. Diop	11	Mil.		FRA
317		F. Fabregas	11	Mil.		ESP
318		Y. Fofana	11	Mil.		FRA
319		A. Golovine	11	Mil.		RUS
320		S. Grandsir	11	Mil.		FRA
321		F. Luis	11	Mil.		POR
322		E. Matazo	11	Mil.		BEL
323		E. Millot	11	Mil.		FRA
324		A. Tchouaméni	11	Mil.		FRA
325		W. Ben Yedder	11	Att.		FRA
326		K. Diatta	11	Att.		SEN
327		W. Geubbels	11	Att.		FRA
328		S. Jovetic	11	Att.		MNE
329		G. Martins	11	Att.		POR
330		P. Pellegri	11	Att.		ITA
331		K. Volland	11	Att.		ALL
332		D. Bertaud	12	Gar.		FRA
333		M. Carvalho	12	Gar.		FRA
334		J. Omlin	12	Gar.		SUI
335		D. Congré	12	Déf.		FRA
336		N. Cozza	12	Déf.		FRA
337		M. Estève	12	Déf.		FRA
338		V. Hilton	12	Déf.		BRE
339		P. Mendes	12	Déf.		POR
340		A. Oyongo	12	Déf.		CAM
341		M. Ristic	12	Déf.		SER
342		A. Souquet	12	Déf.		FRA
343		M. Suarez	12	Déf.		URU
344		T. Tamas	12	Déf.		FRA
345		Thuler	12	Déf.		BRE
346		C. Vidal	12	Déf.		FRA
347		S. Benchamma	12	Mil.		FRA
348		J. Chotard	12	Mil.		FRA
349		S. Delaye	12	Mil.		FRA
350		K. Dolly	12	Mil.		AFS
351		J. Ferri	12	Mil.		FRA
352		D. Le Tallec	12	Mil.		FRA
353		F. Mollet	12	Mil.		FRA
354		J. Sambia	12	Mil.		FRA
355		T. Savanier	12	Mil.		FRA
356		S. Wahi	12	Mil.		FRA
357		Y. Ammour	12	Att.		FRA
358		A. Ben Achour	12	Att.		FRA
359		A. Delort	12	Att.		ALG
360		G. Laborde	12	Att.		FRA
361		B. Makouana	12	Att.		CON
362		S. Mavididi	12	Att.		ANG
363		P. Skuletic	12	Att.		SER
364		I. Yun	12	Att.		CDS
365		A. Lafont	13	Gar.		FRA
366		D. Petric	13	Gar.		SLN
367		D. Appiah	13	Déf.		FRA
368		T. Basila	13	Déf.		FRA
369		J. Castelletto	13	Déf.		CAM
370		S. Corchia	13	Déf.		FRA
371		D. Fabio	13	Déf.		BRE
372		A. Girotto	13	Déf.		BRE
373		B. Mendy	13	Déf.		FRA
374		N. Pallois	13	Déf.		FRA
375		A. Sylla	13	Déf.		GUI
376		C. Traoré	13	Déf.		MLI
377		A. Walongwa	13	Déf.		RDC
378		L. Blas	13	Mil.		FRA
379		P. Chirivella	13	Mil.		ESP
380		M. Coco	13	Mil.		FRA
381		A. Limbombe	13	Mil.		BEL
382		I. Louza	13	Mil.		FRA
383		Q. Merlin	13	Mil.		FRA
384		R. Pereira de Sa	13	Mil.		FRA
385		A. Touré	13	Mil.		FRA
386		J. Augustin	13	Att.		FRA
387		A. Bamba	13	Att.		FRA
388		K. Coulibaly	13	Att.		MLI
389		R. Emond	13	Att.		BEL
390		R. Kolo Muani	13	Att.		FRA
391		B. Ndilu	13	Att.		FRA
392		M. Simon	13	Att.		NGA
393		W. Benitez	14	Gar.		ARG
394		T. Boulhendi	14	Gar.		FRA
395		Y. Cardinale	14	Gar.		FRA
396		J. Rolland	14	Gar.		FRA
397		Y. Atal	14	Déf.		ALG
398		R. Bambu	14	Déf.		BRE
399		N. Crétier	14	Déf.		FRA
400		F. Daniliuc	14	Déf.		AUT
401		Dante	14	Déf.		BRE
402		H. Kamara	14	Déf.		FRA
403		J. Lotomba	14	Déf.		SUI
404		S. Nsoki	14	Déf.		FRA
405		A. Pelmard	14	Déf.		FRA
406		T. Pionnier-Ber...	14	Déf.		FRA
407		L. Prso	14	Déf.		FRA
408		W. Saliba	14	Déf.		FRA
409		S. Ben Seghir	14	Mil.		FRA
410		H. Boudaoui	14	Mil.		ALG
411		S. Kari	14	Mil.		FRA
412		P. Lees-Melou	14	Mil.		FRA
413		J. Reine-Adélaïde	14	Mil.		FRA
414		M. Schneiderlin	14	Mil.		FRA
415		M. Sellouki	14	Mil.		FRA
416		K. Thuram	14	Mil.		FRA
417		J. Todibo	14	Mil.		FRA
418		A. Trouillet	14	Mil.		FRA
419		P. Wade	14	Mil.		FRA
420		A. Claude-Maurice	14	Att.		FRA
421		K. Dolberg	14	Att.		DAN
422		A. Gouiri	14	Att.		FRA
423		R. Lopes	14	Att.		POR
424		M. Maolida	14	Att.		FRA
425		D. Ndoye	14	Att.		SUI
426		A. Parsemain	14	Att.		FRA
427		A. Sotona	14	Att.		IRL
428		K. Williams	14	Att.		ANG
429		L. Dias	15	Gar.		FRA
430		A. Nazih	15	Gar.		FRA
431		B. Reynet	15	Gar.		FRA
432		S. Alakouch	15	Déf.		FRA
433		A. Briançon	15	Déf.		FRA
434		P. Burner	15	Déf.		FRA
435		K. Guessoum	15	Déf.		FRA
436		L. Landre	15	Déf.		FRA
437		A. Malanda	15	Déf.		FRA
438		P. Martinez	15	Déf.		FRA
439		B. Meling	15	Déf.		NOR
440		F. Miguel	15	Déf.		FRA
441		G. Paquiez	15	Déf.		FRA
442		R. Ripart	15	Déf.		FRA
443		N. Ueda	15	Déf.		JAP
444		M. Ahlinvi	15	Mil.		FRA
445		Y. Benrahou	15	Mil.		FRA
446		L. Buades	15	Mil.		FRA
447		A. Cubas	15	Mil.		PAR
448		L. Deaux	15	Mil.		FRA
449		H. Duljevic	15	Mil.		BOS
450		N. Eliasson	15	Mil.		SUE
451		Z. Ferhat	15	Mil.		ALG
452		L. Fomba	15	Mil.		FRA
453		S. Sarr	15	Mil.		SEN
454		A. Valerio	15	Mil.		FRA
455		K. Aribi	15	Att.		ALG
456		S. Ben Amar	15	Att.		FRA
457		N. Chadli	15	Att.		FRA
458		C. Depres	15	Att.		FRA
459		M. Doucouré	15	Att.		FRA
460		M. Koné	15	Att.		SEN
461		M. Majouga	15	Att.		FRA
462		N. Roux	15	Att.		FRA
463		D. Franchi	16	Gar.		ITA
464		A. Letellier	16	Gar.		FRA
465		K. Navas	16	Gar.		CRI
466		M. Randriamamy	16	Gar.		MAD
467		S. Rico	16	Gar.		ESP
468		Y. Saidani	16	Gar.		FRA
469		M. Bakker	16	Déf.		HOL
470		J. Bernat	16	Déf.		ESP
471		C. Dagba	16	Déf.		FRA
472		A. Diallo	16	Déf.		SEN
473		A. Florenzi	16	Déf.		ITA
474		T. Kehrer	16	Déf.		ALL
475		P. Kimpembe	16	Déf.		FRA
476		L. Kurzawa	16	Déf.		FRA
477		Marquinhos	16	Déf.		BRE
478		T. Pembélé	16	Déf.		FRA
479		A. Di Maria	16	Mil.		ARG
480		J. Draxler	16	Mil.		ALL
481		I. Gharbi	16	Mil.		FRA
482		I. Gueye	16	Mil.		SEN
483		A. Herrera	16	Mil.		ESP
484		A. Kamara	16	Mil.		GUI
485		M. Kapo	16	Mil.		FRA
486		E. Michut	16	Mil.		FRA
487		L. Paredes	16	Mil.		ARG
488		D. Pereira	16	Mil.		POR
489		Rafinha	16	Mil.		BRE
490		K. Ruiz-Atil	16	Mil.		FRA
491		P. Sarabia	16	Mil.		ESP
492		X. Simons	16	Mil.		HOL
493		M. Verratti	16	Mil.		ITA
494		M. Icardi	16	Att.		ARG
495		M. Kean	16	Att.		ITA
496		K. Mbappé	16	Att.		FRA
497		K. Nagera	16	Att.		FRA
498		Neymar	16	Att.		BRE
499		Y. Diouf	17	Gar.		FRA
500		D. Ndiaye	17	Gar.		FRA
501		L. Pelletier	17	Gar.		FRA
502		P. Rajkovic	17	Gar.		SER
503		Y. Abdelhamid	17	Déf.		MAR
504		T. De Smet	17	Déf.		BEL
505		F. Doucouré	17	Déf.		MLI
506		W. Faes	17	Déf.		BEL
507		T. Foket	17	Déf.		BEL
508		G. Konan	17	Déf.		CIV
509		B. Locko	17	Déf.		FRA
510		D. Maresic	17	Déf.		AUT
511		P. Mbow	17	Déf.		SEN
512		E. Valentim	17	Déf.		FRA
513		V. Berisha	17	Mil.		KOS
514		M. Cafaro	17	Mil.		FRA
515		M. Cassama	17	Mil.		GUB
516		X. Chavalerin	17	Mil.		FRA
517		M. Doumbia	17	Mil.		MLI
518		M. Drammeh	17	Mil.		FRA
519		D. Kutesa	17	Mil.		SUI
520		D. Lopy	17	Mil.		SEN
521		M. Munetsi	17	Mil.		ZIM
522		M. Sakava	17	Mil.		CAM
523		A. Zeneli	17	Mil.		KOS
524		B. Dia	17	Att.		SEN
525		H. Ekitike	17	Att.		FRA
526		A. Flips	17	Att.		FRA
527		N. Mbuku	17	Att.		FRA
528		K. Sierhuis	17	Att.		HOL
529		E. Touré	17	Att.		MLI
530		P. Bonet	18	Gar.		FRA
531		A. Gomis	18	Gar.		SEN
532		R. Salin	18	Gar.		FRA
533		N. Aguerd	18	Déf.		MAR
534		D. Da Silva	18	Déf.		FRA
535		H. Dalbert	18	Déf.		BRE
536		N. Diallo	18	Déf.		FRA
537		F. Maouassa	18	Déf.		FRA
538		G. Nyamsi	18	Déf.		FRA
539		W. Omari	18	Déf.		FRA
540		B. Soppy	18	Déf.		FRA
541		H. Traoré	18	Déf.		MLI
542		A. Truffert	18	Déf.		FRA
543		B. Bourigeaud	18	Mil.		FRA
544		E. Camavinga	18	Mil.		FRA
545		C. Grenier	18	Mil.		FRA
546		J. Léa-Siliki	18	Mil.		FRA
547		J. Martin	18	Mil.		FRA
548		S. Nzonzi	18	Mil.		FRA
549		F. Tait	18	Mil.		FRA
550		L. Ugochukwu	18	Mil.		FRA
551		R. Del Castillo	18	Att.		FRA
552		J. Doku	18	Att.		BEL
553		G. Gboho	18	Att.		FRA
554		S. Guirassy	18	Att.		FRA
555		A. Hunou	18	Att.		FRA
556		M. Terrier	18	Att.		FRA
557		S. Bajic	19	Gar.		FRA
558		B. Fall	19	Gar.		SEN
559		E. Green	19	Gar.		FRA
560		J. Moulin	19	Gar.		FRA
561		A. Bakayoko	19	Déf.		CIV
562		P. Cissé	19	Déf.		SEN
563		M. Debuchy	19	Déf.		FRA
564		S. Karamoko	19	Déf.		FRA
565		T. Kolodziejczak	19	Déf.		FRA
566		Y. Maçon	19	Déf.		FRA
567		H. Moukoudi	19	Déf.		FRA
568		P. Retsos	19	Déf.		GRE
569		G. Silva	19	Déf.		BRE
570		N. Sissoko	19	Déf.		FRA
571		R. Souici	19	Déf.		FRA
572		S. Sow	19	Déf.		FRA
573		M. Trauco	19	Déf.		PER
574		M. Tshibuabua	19	Déf.		FRA
575		A. Aouchiche	19	Mil.		FRA
576		B. Benkhedim	19	Mil.		FRA
577		R. Boudebouz	19	Mil.		ALG
578		M. Camara	19	Mil.		FRA
579		B. Gabard	19	Mil.		FRA
580		L. Gourna-Douath	19	Mil.		FRA
581		R. Hamouma	19	Mil.		FRA
582		K. Monnet-Paquet	19	Mil.		FRA
583		A. Moueffek	19	Mil.		FRA
584		Y. Neyou	19	Mil.		CAM
585		T. Tormin	19	Mil.		FRA
586		Z. Youssouf	19	Mil.		FRA
587		C. Abi	19	Att.		FRA
588		D. Bouanga	19	Att.		GAB
589		E. Correia	19	Att.		GUB
590		W. Khazri	19	Att.		TUN
591		A. Modeste	19	Att.		FRA
592		A. Nordin	19	Att.		FRA
593		M. Rivera	19	Att.		FRA
594		A. Sidibé	19	Att.		FRA
595		A. Bellaarouch	20	Gar.		MAR
596		B. Kamara	20	Gar.		SEN
597		E. Kawashima	20	Gar.		JAP
598		A. Pierre	20	Gar.		FRA
599		M. Sels	20	Gar.		BEL
600		I. Aaneba	20	Déf.		FRA
601		A. Caci	20	Déf.		FRA
602		L. Carole	20	Déf.		FRA
603		A. Djiku	20	Déf.		FRA
604		M. Elimbi Gilbert	20	Déf.		FRA
605		F. Guilbert	20	Déf.		FRA
606		L. Koné	20	Déf.		CIV
607		S. Mitrovic	20	Déf.		SER
608		A. Ousmane	20	Déf.		FRA
609		M. Senaya	20	Déf.		FRA
610		M. Simakan	20	Déf.		FRA
611		J. Aholou	20	Mil.		CIV
612		J. Bellegarde	20	Mil.		FRA
613		B. Besic	20	Mil.		BOS
614		M. Chahiri	20	Mil.		FRA
615		A. Lebeau	20	Mil.		FRA
616		D. Liénard	20	Mil.		FRA
617		S. Prcic	20	Mil.		BOS
618		M. Siby	20	Mil.		FRA
619		I. Sissoko	20	Mil.		FRA
620		N. Sommer	20	Mil.		FRA
621		A. Thomasson	20	Mil.		FRA
622		L. Ajorque	20	Att.		FRA
623		H. Diallo	20	Att.		SEN
624		L. Mothiba	20	Att.		AFS
625		I. Saadi	20	Att.		ALG
626		M. Sahi	20	Att.		MLI
627		A. Waris	20	Att.		GHA
628		K. Zohi	20	Att.		CIV
629		K. Denkey	15	Att.		TGO
630		A. Scheidler	4	Att.		FRA
631		J. Maja	2	Att.		NGA
632		M. Sanson	9	Mil.		FRA
633		Raphinha	18	Att.		BRA
634		Pablo	2	Déf.		BRA
635		K. Lala	20	Déf		FRA
636		M. Dembélé	8	Att.		FRA
637		M. Niang	18	Att.		SEN
638		N. Radonjic	9	Mil.		SRB
639		D. Pereira Da Costa	5	Att.		PRT
640		Y. Sabaly	2	Def.		SEN
\.


--
-- Data for Name: teams; Type: TABLE DATA; Schema: public; Owner: hugofugeray
--

COPY public.teams (id, championship_id, name, city, coach_name, rank) FROM stdin;
1	1	SCO Angers	Angers	Gérald BATICLE	0
2	1	Bordeaux	Bordeaux	Jean-Louis GASSET	0
3	1	Brest	Brest	Michel DER ZAKARIAN	0
4	1	DFCO	Dijon	David LINARES	0
5	1	Lens	Lens	Franck HAISE	0
6	1	LOSC	Lille	Christophe GALTIER	0
7	1	FC Lorient	Lorient	Christophe PELISSIER	0
8	1	OL	Lyon	Peter BOSZ	0
9	1	OM	Marseille	Jorge SAMPAOLI	0
10	1	FC Metz	Metz	Frédéric ANTONETTI	0
11	1	AS Monaco	Monaco	Niko KOVAC	0
12	1	Montpellier	Montpellier	Olivier DALL'OGLIO	0
13	1	FC Nantes	Nantes	Antoine KOMBOUARE	0
14	1	OGC Nice	Nice	Adrian URSEA	0
15	1	Nîmes	Nîmes	Pascal PLANCQUE	0
16	1	PSG	Paris-SG	Mauricio POCHETTINO	0
17	1	Reims	Reims	Oscar GARCIA	0
18	1	Rennes	Rennes	Bruno GENESIO	0
19	1	ASSE	Saint-Étienne	Claude PUEL	0
20	1	Strasbourg	Strasbourg	Julien STEPHAN	0
\.


--
-- PostgreSQL database dump complete
--

